{"MSE": 0.02047600367981129, "MAE": 0.08972166783461416, "R2": 0.9323213341687757, "RMSE": 0.1430943873106534}