{"MSE": 0.05180503961496281, "MAE": 0.14763727886042755, "R2": 0.8287704954882721, "RMSE": 0.2276072046640062}